cohort_month,user_id
2010-12,8.662146892655366
2011-01,6.896882494004796
2011-02,5.6421052631578945
2011-03,4.615044247787611
2011-04,3.66
2011-05,3.242957746478873
2011-06,2.690082644628099
2011-07,1.898936170212766
2011-08,1.4201183431952662
2011-09,0.8963210702341137
2011-10,0.40502793296089384
2011-11,0.1111111111111111
2011-12,0.0
